{"custom.intro":{"sounds":["custom/intro_song"]},"custom.breath":{"sounds":["custom/breath"]},"custom.out":{"sounds":["custom/dead"]},"custom.teleport":{"sounds":["custom/teleport"]},"custom.whoosh":{"sounds":["custom/whoosh"]},"custom.gladiators_win":{"sounds":["custom/gladiators_win"]},"custom.runners_win":{"sounds":["custom/runners_win"]},"melon.saying_1":{"sounds":["melon/saying_1"]},"melon.saying_2":{"sounds":["melon/saying_2"]},"melon.saying_3":{"sounds":["melon/saying_3"]},"melon.greeting":{"sounds":["melon/greeting"]},"livestock.saying_1":{"sounds":["livestock/saying_1"]},"livestock.saying_2":{"sounds":["livestock/saying_2"]},"livestock.saying_3":{"sounds":["livestock/saying_3"]},"livestock.greeting":{"sounds":["livestock/greeting"]},"garbage.saying_1":{"sounds":["garbage/saying_1"]},"garbage.saying_2":{"sounds":["garbage/saying_2"]},"garbage.saying_3":{"sounds":["garbage/saying_3"]},"garbage.greeting":{"sounds":["garbage/greeting"]},"fish.saying_1":{"sounds":["fish/saying_1"]},"fish.saying_2":{"sounds":["fish/saying_2"]},"fish.saying_3":{"sounds":["fish/saying_3"]},"fish.greeting":{"sounds":["fish/greeting"]},"mushroom.saying_1":{"sounds":["mushroom/saying_1"]},"mushroom.saying_2":{"sounds":["mushroom/saying_2"]},"mushroom.saying_3":{"sounds":["mushroom/saying_3"]},"mushroom.greeting":{"sounds":["mushroom/greeting"]},"nether.saying_1":{"sounds":["nether/saying_1"]},"nether.saying_2":{"sounds":["nether/saying_2"]},"nether.saying_3":{"sounds":["nether/saying_3"]},"nether.greeting":{"sounds":["nether/greeting"]},"bread.saying_1":{"sounds":["baker/saying_1"]},"bread.saying_2":{"sounds":["baker/saying_2"]},"bread.saying_3":{"sounds":["baker/saying_3"]},"bread.greeting":{"sounds":["baker/greeting"]},"blacksmith.saying_1":{"sounds":["blacksmith/saying_1"]},"blacksmith.saying_2":{"sounds":["blacksmith/saying_2"]},"blacksmith.saying_3":{"sounds":["blacksmith/saying_3"]},"blacksmith.greeting":{"sounds":["blacksmith/greeting"]},"flower.saying_1":{"sounds":["flower/saying_1"]},"flower.saying_2":{"sounds":["flower/saying_2"]},"flower.saying_3":{"sounds":["flower/saying_3"]},"flower.greeting":{"sounds":["flower/greeting"]},"book.saying_1":{"sounds":["book/saying_1"]},"book.saying_2":{"sounds":["book/saying_2"]},"book.saying_3":{"sounds":["book/saying_3"]},"book.greeting":{"sounds":["book/greeting"]},"fabric.saying_1":{"sounds":["fabric/saying_1"]},"fabric.saying_2":{"sounds":["fabric/saying_2"]},"fabric.saying_3":{"sounds":["fabric/saying_3"]},"fabric.greeting":{"sounds":["fabric/greeting"]},"potion.saying_1":{"sounds":["potion/saying_1"]},"potion.saying_2":{"sounds":["potion/saying_2"]},"potion.saying_3":{"sounds":["potion/saying_3"]},"potion.greeting":{"sounds":["potion/greeting"]},"custom.wee":{"sounds":["custom/wee"]},"custom.exclusive_effect":{"sounds":["custom/exclusive_trident_effect"]}}