{
	"credit": "Made with Blockbench",
	"textures": {
		"0": "block/black_concrete",
		"particle": "block/black_concrete"
	},
	"elements": [
		{
			"from": [0, 31, 16],
			"to": [16, 32, 32],
			"rotation": {"angle": 0, "axis": "y", "origin": [23, 39, 24]},
			"faces": {
				"up": {"uv": [0, 0, 16, 16], "texture": "#0"}
			}
		},
		{
			"from": [-16, 31, -16],
			"to": [0, 32, 0],
			"rotation": {"angle": 0, "axis": "y", "origin": [7, 39, -8]},
			"faces": {
				"up": {"uv": [0, 0, 16, 16], "texture": "#0"}
			}
		},
		{
			"from": [-16, 31, 0],
			"to": [0, 32, 16],
			"rotation": {"angle": 0, "axis": "y", "origin": [7, 39, 8]},
			"faces": {
				"up": {"uv": [0, 0, 16, 16], "texture": "#0"}
			}
		},
		{
			"from": [-16, 31, 16],
			"to": [0, 32, 32],
			"rotation": {"angle": 0, "axis": "y", "origin": [7, 39, 24]},
			"faces": {
				"up": {"uv": [0, 0, 16, 16], "texture": "#0"}
			}
		},
		{
			"from": [0, 31, -16],
			"to": [16, 32, 0],
			"rotation": {"angle": 0, "axis": "y", "origin": [23, 39, -8]},
			"faces": {
				"up": {"uv": [0, 0, 16, 16], "texture": "#0"}
			}
		},
		{
			"from": [16, 31, 16],
			"to": [32, 32, 32],
			"rotation": {"angle": 0, "axis": "y", "origin": [39, 39, 24]},
			"faces": {
				"up": {"uv": [0, 0, 16, 16], "texture": "#0"}
			}
		},
		{
			"from": [0, 31, 0],
			"to": [16, 32, 16],
			"rotation": {"angle": 0, "axis": "y", "origin": [23, 39, 8]},
			"faces": {
				"up": {"uv": [0, 0, 16, 16], "texture": "#0"}
			}
		},
		{
			"from": [16, 31, -16],
			"to": [32, 32, 0],
			"rotation": {"angle": 0, "axis": "y", "origin": [39, 39, -8]},
			"faces": {
				"up": {"uv": [0, 0, 16, 16], "texture": "#0"}
			}
		},
		{
			"from": [16, 31, 0],
			"to": [32, 32, 16],
			"rotation": {"angle": 0, "axis": "y", "origin": [39, 39, 8]},
			"faces": {
				"up": {"uv": [0, 0, 16, 16], "texture": "#0"}
			}
		}
	],
	"display": {
		"thirdperson_righthand": {
			"rotation": [0, 0, 90],
			"translation": [-2, 0, 0],
			"scale": [0.07, 0.07, 0.07]
		},
		"thirdperson_lefthand": {
			"rotation": [0, 0, 90],
			"translation": [-2, 0, 0],
			"scale": [0.3, 0.3, 0.3]
		},
		"firstperson_righthand": {
			"rotation": [0, 0, 13],
			"translation": [0, 2, 0],
			"scale": [0.5, 0.5, 0.5]
		},
		"firstperson_lefthand": {
			"rotation": [0, 0, 13],
			"translation": [0, 2, 0],
			"scale": [0.5, 0.5, 0.5]
		},
		"ground": {
			"scale": [0.15, 0.15, 0.15]
		},
		"gui": {
			"scale": [0, 0, 0]
		},
		"head": {
			"rotation": [90, 0, 0],
			"translation": [0, 0, 80]
		},
		"fixed": {
			"scale": [0.25, 0.25, 0.25]
		}
	}
}