{
  "parent": "item/handheld_rod",
  "textures": {
      "layer0": "item/carrot_on_a_stick"
  },
  "overrides": [
    {"predicate": {"custom_model_data": 1},"model": "item/carrot_on_a_stick_1"},
    {"predicate": {"custom_model_data": 2},"model": "item/carrot_on_a_stick_2"},
    {"predicate": {"custom_model_data": 3},"model": "item/blocker"},
    {"predicate": {"custom_model_data": 4},"model": "item/helmet"},
    {"predicate": {"custom_model_data": 5},"model": "item/backdoor"},
    {"predicate": {"custom_model_data": 6},"model": "item/locator"},
    {"predicate": {"custom_model_data": 7},"model": "item/trap_tp"},
    {"predicate": {"custom_model_data": 8},"model": "item/warp"},
    {"predicate": {"custom_model_data": 9},"model": "item/toggle_boots"},
    {"predicate": {"custom_model_data": 10},"model": "item/brawler"},
    {"predicate": {"custom_model_data": 11},"model": "item/alchemist"},
    {"predicate": {"custom_model_data": 12},"model": "item/medic"},
    {"predicate": {"custom_model_data": 13},"model": "item/athlete"},
    {"predicate": {"custom_model_data": 14},"model": "item/trapper_display"},
    {"predicate": {"custom_model_data": 15},"model": "item/arbalist"},
    {"predicate": {"custom_model_data": 16},"model": "item/display_helmet"},
    {"predicate": {"custom_model_data": 17},"model": "item/locator_display"},
    {"predicate": {"custom_model_data": 18},"model": "item/options_helmet"}]
}