{
	"credit": "Made with Blockbench",
	"texture_size": [64, 64],
	"textures": {
		"0": "item/helmet",
		"particle": "item/helmet"
	},
	"elements": [
		{
			"from": [3.5, -0.5, 3.5],
			"to": [12.5, 8.5, 12.5],
			"faces": {
				"north": {"uv": [0, 0, 2, 2], "texture": "#0"},
				"east": {"uv": [0, 2.25, 2, 4.25], "texture": "#0"},
				"south": {"uv": [2.25, 0, 4.25, 2], "texture": "#0"},
				"west": {"uv": [2.25, 2.25, 4.25, 4.25], "texture": "#0"},
				"up": {"uv": [2, 6.5, 0, 4.5], "texture": "#0"},
				"down": {"uv": [6.5, 0, 4.5, 2], "texture": "#0"}
			}
		},
		{
			"from": [4, -1, 4],
			"to": [12, 8, 4],
			"faces": {
				"north": {"uv": [2.25, 4.5, 4.25, 6.75], "texture": "#0"},
				"east": {"uv": [0, 0, 0, 2.25], "texture": "#0"},
				"south": {"uv": [4.25, 4.5, 6.25, 6.75], "texture": "#0"},
				"west": {"uv": [0, 0, 0, 2.25], "texture": "#0"},
				"up": {"uv": [0, 0, 2, 0], "texture": "#0"},
				"down": {"uv": [0, 0, 2, 0], "texture": "#0"}
			}
		},
		{
			"from": [4, -1, 12],
			"to": [12, 8, 12],
			"faces": {
				"north": {"uv": [2.25, 4.5, 4.25, 6.75], "texture": "#0"},
				"east": {"uv": [0, 0, 0, 2.25], "texture": "#0"},
				"south": {"uv": [4.25, 4.5, 6.25, 6.75], "texture": "#0"},
				"west": {"uv": [0, 0, 0, 2.25], "texture": "#0"},
				"up": {"uv": [0, 0, 2, 0], "texture": "#0"},
				"down": {"uv": [0, 0, 2, 0], "texture": "#0"}
			}
		},
		{
			"from": [12, 1, 4],
			"to": [12, 8, 12],
			"faces": {
				"north": {"uv": [0, 0, 0, 1.75], "texture": "#0"},
				"east": {"uv": [6.5, 2.25, 4.5, 4], "texture": "#0"},
				"south": {"uv": [0, 0, 0, 1.75], "texture": "#0"},
				"west": {"uv": [4.5, 2.25, 6.5, 4], "texture": "#0"},
				"up": {"uv": [0, 0, 0, 2], "texture": "#0"},
				"down": {"uv": [0, 0, 0, 2], "texture": "#0"}
			}
		},
		{
			"from": [4, -1, 4],
			"to": [4, 8, 12],
			"faces": {
				"north": {"uv": [0, 0, 0, 1.75], "texture": "#0"},
				"east": {"uv": [6.25, 4.5, 8.25, 6.75], "texture": "#0"},
				"south": {"uv": [0, 0, 0, 1.75], "texture": "#0"},
				"west": {"uv": [6.25, 4.5, 8.25, 6.75], "texture": "#0"},
				"up": {"uv": [0, 0, 0, 2], "texture": "#0"},
				"down": {"uv": [0, 0, 0, 2], "texture": "#0"}
			}
		},
		{
			"from": [4, 8, 4],
			"to": [12, 8, 12],
			"faces": {
				"north": {"uv": [0, 0, 2, 0], "texture": "#0"},
				"east": {"uv": [0, 0, 2, 0], "texture": "#0"},
				"south": {"uv": [0, 0, 2, 0], "texture": "#0"},
				"west": {"uv": [0, 0, 2, 0], "texture": "#0"},
				"up": {"uv": [8.5, 2.25, 6.5, 4.25], "texture": "#0"},
				"down": {"uv": [6.5, 4.25, 8.5, 2.25], "texture": "#0"}
			}
		}
	],
	"display": {
		"thirdperson_righthand": {
			"rotation": [101.94, -62.36, 127.81],
			"translation": [0, 0.25, -2.5]
		},
		"thirdperson_lefthand": {
			"rotation": [101.94, -62.36, 127.81],
			"translation": [0, 0.25, -2.5]
		},
		"firstperson_righthand": {
			"rotation": [10.52, 51.12, -18.57],
			"translation": [2.75, 4.25, 0]
		},
		"firstperson_lefthand": {
			"rotation": [10.52, 51.12, -18.57],
			"translation": [2.5, 5.25, 0]
		},
		"ground": {
			"translation": [0, 6, 0],
			"scale": [1.4, 1.4, 1.4]
		},
		"gui": {
			"rotation": [-172.63, 72, -172.44],
			"translation": [0.25, 5, 0],
			"scale": [1.2, 1.2, 1.2]
		},
		"head": {
			"rotation": [0, -90, 0],
			"translation": [0, 7.25, 0],
			"scale": [1.9, 1.9, 1.9]
		},
		"fixed": {
			"rotation": [-90, 0, -13.75],
			"translation": [3.5, 0, -18.75],
			"scale": [2.4, 2.4, 2.4]
		}
	}
}