{
	"credit": "Made with Blockbench",
	"textures": {
		"0": "block/gladiator_helmet",
		"particle": "block/gladiator_helmet"
	},
	"elements": [
		{
			"from": [13, 0, 0],
			"to": [15, 6, 1],
			"rotation": {"angle": 0, "axis": "y", "origin": [21, 8, 8]},
			"faces": {
				"north": {"uv": [4, 3, 6, 9], "texture": "#0"},
				"east": {"uv": [2, 7, 3, 13], "texture": "#0"},
				"south": {"uv": [12, 8, 15, 14], "texture": "#0"},
				"west": {"uv": [8, 5, 9, 11], "texture": "#0"},
				"up": {"uv": [6, 7, 8, 8], "texture": "#0"},
				"down": {"uv": [4, 11, 6, 12], "texture": "#0"}
			}
		},
		{
			"from": [1, 0, 0],
			"to": [3, 6, 1],
			"faces": {
				"north": {"uv": [10, 2, 12, 8], "texture": "#0"},
				"east": {"uv": [13, 4, 14, 10], "texture": "#0"},
				"south": {"uv": [6, 7, 8, 13], "texture": "#0"},
				"west": {"uv": [1, 8, 2, 14], "texture": "#0"},
				"up": {"uv": [3, 9, 5, 10], "texture": "#0"},
				"down": {"uv": [5, 11, 7, 12], "texture": "#0"}
			}
		},
		{
			"from": [11, 0, 0],
			"to": [13, 2, 1],
			"rotation": {"angle": 0, "axis": "y", "origin": [19, 8, 8]},
			"faces": {
				"north": {"uv": [6, 7, 8, 9], "texture": "#0"},
				"south": {"uv": [4, 7, 6, 9], "texture": "#0"},
				"west": {"uv": [0, 0, 2, 1], "texture": "#0"},
				"up": {"uv": [4, 11, 6, 12], "texture": "#0"},
				"down": {"uv": [4, 11, 6, 12], "texture": "#0"}
			}
		},
		{
			"from": [3, 0, 0],
			"to": [5, 2, 1],
			"rotation": {"angle": 0, "axis": "y", "origin": [11, 8, 8]},
			"faces": {
				"north": {"uv": [8, 8, 10, 10], "texture": "#0"},
				"east": {"uv": [10, 9, 11, 11], "texture": "#0"},
				"south": {"uv": [3, 12, 5, 14], "texture": "#0"},
				"up": {"uv": [2, 13, 4, 14], "texture": "#0"},
				"down": {"uv": [11, 12, 13, 13], "texture": "#0"}
			}
		},
		{
			"from": [0, 0, 1],
			"to": [1, 6, 4],
			"faces": {
				"north": {"uv": [8, 6, 9, 12], "texture": "#0"},
				"east": {"uv": [8, 6, 11, 12], "texture": "#0"},
				"south": {"uv": [14, 5, 15, 11], "texture": "#0"},
				"west": {"uv": [2, 9, 5, 15], "texture": "#0"},
				"down": {"uv": [7, 5, 8, 8], "texture": "#0"}
			}
		},
		{
			"from": [15, 0, 1],
			"to": [16, 6, 4],
			"rotation": {"angle": 0, "axis": "y", "origin": [23, 8, 8]},
			"faces": {
				"north": {"uv": [14, 1, 15, 7], "texture": "#0"},
				"east": {"uv": [11, 5, 14, 11], "texture": "#0"},
				"south": {"uv": [9, 8, 10, 14], "texture": "#0"},
				"west": {"uv": [3, 3, 6, 9], "texture": "#0"},
				"down": {"uv": [11, 9, 12, 12], "texture": "#0"}
			}
		},
		{
			"from": [0, 3, 5],
			"to": [1, 6, 12],
			"rotation": {"angle": 0, "axis": "y", "origin": [8, 13, 13]},
			"faces": {
				"east": {"uv": [1, 11, 8, 14], "texture": "#0"},
				"west": {"uv": [8, 9, 15, 12], "texture": "#0"},
				"down": {"uv": [4, 8, 5, 15], "texture": "#0"}
			}
		},
		{
			"from": [15, 3, 5],
			"to": [16, 6, 12],
			"rotation": {"angle": 0, "axis": "y", "origin": [23, 13, 13]},
			"faces": {
				"east": {"uv": [8, 12, 15, 15], "texture": "#0"},
				"west": {"uv": [6, 3, 13, 6], "texture": "#0"},
				"down": {"uv": [12, 3, 13, 10], "texture": "#0"}
			}
		},
		{
			"from": [0, 2, 4],
			"to": [1, 6, 5],
			"rotation": {"angle": 0, "axis": "y", "origin": [8, 13, 12]},
			"faces": {
				"east": {"uv": [13, 6, 14, 10], "texture": "#0"},
				"south": {"uv": [12, 8, 13, 12], "texture": "#0"},
				"west": {"uv": [8, 6, 9, 10], "texture": "#0"},
				"down": {"uv": [7, 9, 8, 10], "texture": "#0"}
			}
		},
		{
			"from": [15, 2, 4],
			"to": [16, 6, 5],
			"rotation": {"angle": 0, "axis": "y", "origin": [23, 13, 12]},
			"faces": {
				"east": {"uv": [12, 2, 13, 6], "texture": "#0"},
				"south": {"uv": [14, 6, 15, 10], "texture": "#0"},
				"west": {"uv": [8, 6, 9, 10], "texture": "#0"},
				"down": {"uv": [9, 11, 10, 12], "texture": "#0"}
			}
		},
		{
			"from": [0, 1, 12],
			"to": [1, 6, 15],
			"rotation": {"angle": 0, "axis": "y", "origin": [8, 10, 24]},
			"faces": {
				"north": {"uv": [8, 2, 9, 7], "texture": "#0"},
				"east": {"uv": [2, 10, 5, 15], "texture": "#0"},
				"south": {"uv": [13, 2, 14, 7], "texture": "#0"},
				"west": {"uv": [12, 1, 15, 6], "texture": "#0"},
				"down": {"uv": [1, 11, 2, 14], "texture": "#0"}
			}
		},
		{
			"from": [15, 1, 12],
			"to": [16, 6, 15],
			"rotation": {"angle": 0, "axis": "y", "origin": [23, 10, 24]},
			"faces": {
				"north": {"uv": [13, 7, 14, 12], "texture": "#0"},
				"east": {"uv": [6, 10, 9, 15], "texture": "#0"},
				"south": {"uv": [11, 8, 12, 13], "texture": "#0"},
				"west": {"uv": [6, 7, 9, 12], "texture": "#0"},
				"down": {"uv": [10, 8, 11, 11], "texture": "#0"}
			}
		},
		{
			"from": [1, 11, 0],
			"to": [15, 13, 1],
			"rotation": {"angle": 0, "axis": "y", "origin": [8, 16, 8]},
			"faces": {
				"north": {"uv": [1, 8, 15, 10], "texture": "#0"},
				"east": {"uv": [10, 6, 11, 8], "texture": "#0"},
				"south": {"uv": [0, 9, 14, 11], "texture": "#0"},
				"west": {"uv": [13, 7, 14, 9], "texture": "#0"},
				"up": {"uv": [2, 7, 16, 8], "texture": "#0"},
				"down": {"uv": [2, 10, 16, 11], "texture": "#0"}
			}
		},
		{
			"from": [0, 6, 0],
			"to": [2, 10, 1],
			"rotation": {"angle": 0, "axis": "y", "origin": [8, 14, 8]},
			"faces": {
				"north": {"uv": [5, 7, 7, 11], "texture": "#0"},
				"east": {"uv": [1, 10, 2, 14], "texture": "#0"},
				"south": {"uv": [3, 9, 5, 13], "texture": "#0"},
				"west": {"uv": [10, 3, 11, 7], "texture": "#0"},
				"up": {"uv": [12, 7, 14, 8], "texture": "#0"},
				"down": {"uv": [2, 12, 4, 13], "texture": "#0"}
			}
		},
		{
			"from": [14, 6, 0],
			"to": [16, 10, 1],
			"rotation": {"angle": 0, "axis": "y", "origin": [23, 14, 8]},
			"faces": {
				"north": {"uv": [7, 6, 9, 10], "texture": "#0"},
				"east": {"uv": [3, 11, 4, 15], "texture": "#0"},
				"south": {"uv": [9, 8, 11, 12], "texture": "#0"},
				"west": {"uv": [13, 2, 14, 6], "texture": "#0"},
				"up": {"uv": [4, 13, 6, 14], "texture": "#0"},
				"down": {"uv": [9, 7, 11, 8], "texture": "#0"}
			}
		},
		{
			"from": [11, 10, 0],
			"to": [16, 11, 1],
			"rotation": {"angle": 0, "axis": "y", "origin": [19, 17, 8]},
			"faces": {
				"north": {"uv": [4, 5, 9, 6], "texture": "#0"},
				"east": {"uv": [7, 5, 8, 6], "texture": "#0"},
				"south": {"uv": [9, 12, 14, 13], "texture": "#0"},
				"west": {"uv": [10, 8, 11, 9], "texture": "#0"},
				"up": {"uv": [3, 9, 8, 10], "texture": "#0", "cullface": "north"},
				"down": {"uv": [10, 8, 15, 9], "texture": "#0"}
			}
		},
		{
			"from": [0, 10, 0],
			"to": [5, 11, 1],
			"rotation": {"angle": 0, "axis": "y", "origin": [8, 17, 8]},
			"faces": {
				"north": {"uv": [5, 4, 10, 5], "texture": "#0"},
				"east": {"uv": [4, 3, 5, 4], "texture": "#0"},
				"south": {"uv": [3, 8, 8, 9], "texture": "#0"},
				"west": {"uv": [6, 5, 7, 6], "texture": "#0", "cullface": "north"},
				"up": {"uv": [5, 10, 10, 11], "texture": "#0"},
				"down": {"uv": [5, 14, 10, 15], "texture": "#0"}
			}
		},
		{
			"from": [1, 3, 15],
			"to": [15, 6, 16],
			"rotation": {"angle": 0, "axis": "y", "origin": [9, 15, 23]},
			"faces": {
				"north": {"uv": [1, 11, 15, 14], "texture": "#0"},
				"east": {"uv": [2, 10, 3, 13], "texture": "#0"},
				"south": {"uv": [1, 8, 15, 11], "texture": "#0"},
				"west": {"uv": [8, 8, 9, 11], "texture": "#0"},
				"down": {"uv": [1, 14, 15, 15], "texture": "#0"}
			}
		},
		{
			"from": [0, 6, 1],
			"to": [1, 13, 15],
			"rotation": {"angle": 0, "axis": "y", "origin": [8, 14, 9]},
			"faces": {
				"north": {"uv": [4, 3, 5, 10], "texture": "#0"},
				"east": {"uv": [1, 7, 15, 14], "texture": "#0"},
				"south": {"uv": [8, 5, 9, 12], "texture": "#0"},
				"west": {"uv": [1, 7, 15, 14], "texture": "#0"},
				"up": {"uv": [3, 0, 4, 14], "texture": "#0"}
			}
		},
		{
			"from": [15, 6, 1],
			"to": [16, 13, 15],
			"rotation": {"angle": 0, "axis": "y", "origin": [23, 14, 9]},
			"faces": {
				"north": {"uv": [5, 4, 6, 11], "texture": "#0"},
				"east": {"uv": [1, 5, 15, 12], "texture": "#0"},
				"south": {"uv": [3, 4, 4, 11], "texture": "#0"},
				"west": {"uv": [1, 6, 15, 13], "texture": "#0"},
				"up": {"uv": [12, 1, 13, 15], "texture": "#0"}
			}
		},
		{
			"from": [1, 6, 15],
			"to": [15, 13, 16],
			"rotation": {"angle": 0, "axis": "y", "origin": [22, 14, 8]},
			"faces": {
				"north": {"uv": [1, 1, 15, 8], "texture": "#0"},
				"east": {"uv": [1, 5, 2, 12], "texture": "#0"},
				"south": {"uv": [1, 8, 15, 15], "texture": "#0"},
				"west": {"uv": [2, 1, 3, 8], "texture": "#0"},
				"up": {"uv": [1, 8, 15, 9], "texture": "#0"}
			}
		},
		{
			"from": [0, 6, 15],
			"to": [1, 11, 16],
			"rotation": {"angle": 0, "axis": "y", "origin": [8, 14, 23]},
			"faces": {
				"south": {"uv": [11, 6, 12, 11], "texture": "#0"},
				"west": {"uv": [7, 4, 8, 9], "texture": "#0"},
				"up": {"uv": [6, 6, 7, 7], "texture": "#0"},
				"down": {"uv": [9, 10, 10, 11], "texture": "#0"}
			}
		},
		{
			"from": [15, 6, 15],
			"to": [16, 11, 16],
			"rotation": {"angle": 0, "axis": "y", "origin": [23, 14, 23]},
			"faces": {
				"east": {"uv": [11, 10, 12, 15], "texture": "#0"},
				"south": {"uv": [6, 5, 7, 10], "texture": "#0"},
				"up": {"uv": [7, 10, 8, 11], "texture": "#0"},
				"down": {"uv": [5, 10, 6, 11], "texture": "#0"}
			}
		},
		{
			"from": [1, 13, 1],
			"to": [2, 15, 15],
			"rotation": {"angle": 0, "axis": "y", "origin": [9, 21, 9]},
			"faces": {
				"north": {"uv": [10, 9, 11, 11], "texture": "#0"},
				"east": {"uv": [1, 12, 15, 14], "texture": "#0"},
				"south": {"uv": [2, 2, 3, 4], "texture": "#0"},
				"west": {"uv": [1, 6, 15, 8], "texture": "#0"},
				"up": {"uv": [14, 1, 15, 15], "texture": "#0"},
				"down": {"uv": [13, 1, 14, 15], "texture": "#0"}
			}
		},
		{
			"from": [14, 13, 1],
			"to": [15, 15, 15],
			"rotation": {"angle": 0, "axis": "y", "origin": [22, 21, 9]},
			"faces": {
				"north": {"uv": [11, 5, 12, 7], "texture": "#0"},
				"east": {"uv": [1, 8, 15, 10], "texture": "#0"},
				"south": {"uv": [6, 11, 7, 13], "texture": "#0"},
				"west": {"uv": [2, 8, 16, 10], "texture": "#0"},
				"up": {"uv": [11, 1, 12, 15], "texture": "#0"},
				"down": {"uv": [7, 1, 8, 15], "texture": "#0"}
			}
		},
		{
			"from": [2, 13, 1],
			"to": [14, 15, 2],
			"rotation": {"angle": 0, "axis": "y", "origin": [27, 21, 9]},
			"faces": {
				"north": {"uv": [3, 9, 15, 11], "texture": "#0"},
				"south": {"uv": [3, 12, 15, 14], "texture": "#0"},
				"up": {"uv": [1, 10, 13, 11], "texture": "#0"},
				"down": {"uv": [2, 8, 14, 9], "texture": "#0"}
			}
		},
		{
			"from": [2, 13, 14],
			"to": [14, 15, 15],
			"rotation": {"angle": 0, "axis": "y", "origin": [27, 21, 22]},
			"faces": {
				"north": {"uv": [2, 5, 14, 7], "texture": "#0"},
				"south": {"uv": [3, 10, 15, 12], "texture": "#0"},
				"up": {"uv": [2, 10, 14, 11], "texture": "#0"},
				"down": {"uv": [2, 0, 14, 1], "texture": "#0"}
			}
		},
		{
			"from": [2, 15, 2],
			"to": [14, 16, 14],
			"rotation": {"angle": 0, "axis": "y", "origin": [10, 23, 10]},
			"faces": {
				"north": {"uv": [2, 4, 14, 5], "texture": "#0"},
				"east": {"uv": [0, 11, 13, 12], "texture": "#0"},
				"south": {"uv": [2, 8, 14, 9], "texture": "#0"},
				"west": {"uv": [0, 9, 13, 10], "texture": "#0"},
				"up": {"uv": [2, 2, 14, 14], "texture": "#0"},
				"down": {"uv": [1, 2, 13, 15], "texture": "#0"}
			}
		},
		{
			"from": [6, 8, 0],
			"to": [10, 11, 1],
			"rotation": {"angle": 0, "axis": "y", "origin": [16, 18, 8]},
			"faces": {
				"north": {"uv": [7, 8, 11, 11], "texture": "#0"},
				"east": {"uv": [12, 3, 13, 6], "texture": "#0"},
				"south": {"uv": [1, 12, 5, 15], "texture": "#0"},
				"west": {"uv": [11, 10, 12, 13], "texture": "#0"},
				"down": {"uv": [5, 5, 9, 6], "texture": "#0"}
			}
		}
	],
	"display": {
		"thirdperson_righthand": {
			"rotation": [0, 0, 20],
			"scale": [0.25, 0.25, 0.25]
		},
		"thirdperson_lefthand": {
			"rotation": [0, 0, 20],
			"scale": [0.25, 0.25, 0.25]
		},
		"firstperson_righthand": {
			"translation": [2.25, 0, 0],
			"scale": [0.5, 0.5, 0.5]
		},
		"firstperson_lefthand": {
			"translation": [2.25, 0, 0],
			"scale": [0.5, 0.5, 0.5]
		},
		"ground": {
			"scale": [0.25, 0.25, 0.25]
		},
		"gui": {
			"rotation": [45, 125, 0],
			"scale": [0.5, 0.5, 0.5]
		},
		"head": {
			"scale": [1.25, 1.25, 1.25]
		},
		"fixed": {
			"scale": [0.5, 0.5, 0.5]
		}
	}
}